,Marca temporal,Fruta,¿Con qué género te identificas?,¿Qué tan importante es para ti el color del fruto al momento de comprarlos en el mercado?,¿Qué tan importante es para ti la apariencia del fruto al momento de comprarlos en el mercado?,¿Qué tan importante es para ti el aroma del fruto al momento de comprarlos en el mercado?,¿Qué tan importante es para ti la textura y firmeza del fruto al momento de comprarlos en el mercado?,¿Qué tan importante es para ti el tamaño del fruto al momento de comprarlos en el mercado?,¿Qué tan importante es para ti el estado de madurez del fruto al momento de comprarlos en el mercado?,¿Qué tan importante es para ti el precio en relación a la calidad del fruto al momento de comprarlos en el mercado?,¿Qué tan importante es para ti el origen del fruto al momento de comprarlos en el mercado?,Describe el estado general del fruto (Apariencia externa),Describe el estado general del fruto (Apariencia interna),Describe la intensidad de color y brillo de la cáscara (si aplica el brillo) y lo que te provoca al verlo,Describe el aroma del producto y lo que te produce el producto al momento de olerlo,Descripción de la textura del producto y la sensación que te provoca,Describe el sabor y lo que te provoca el sabor,¿Qué remembranza te provoca la fruta? (remembranza: recuerdos),¿Que sensación te provoca la fruta? (A nivel general),Describe que criterios tienes al momento de adquirir este producto en un lugar de mercado
0,2023/10/05 1:38:58 p. m. GMT-5,Pitahaya,Masculino,Moderadamente importante,Importante,Moderadamente importante,Importante,Importante,Muy importante,Importante,Moderadamente importante,"Me gusta, tiene colores brillantes y se ve fresca","Fresca, bien hidratada","Es clara, brillante, de buen aspecto, es interesante","Tiene olor curioso, no me atrae demasiado","Esta blanda, me gusta",Tiene buen sabor,"No muy clara, no suelo comerla",Me gusta,Color y textura
1,2023/10/05 1:45:05 p. m. GMT-5,Pitahaya,Masculino,Moderadamente importante,Moderadamente importante,Muy importante,Muy importante,Moderadamente importante,Importante,Moderadamente importante,Moderadamente importante,"Brillante,blandita ",Blandita  de buen tamaño con poco aroma ,"Brillante,y me provoca curiosidad al ser de una apariencia y color poco común ",Poco intenso aroma anidado ,Textura suave un poco carrasposa ,Es un sabor poco dulce refrescante con un tono a fresa ,Recuerdo la pitaya normal ,Sasia la sed y deja un sabor rico en la boca ,El tamaño el estado de madures y el color 
2,2023/10/05 1:48:54 p. m. GMT-5,Pitahaya,Masculino,Importante,Importante,Importante,Moderadamente importante,Moderadamente importante,Importante,Muy importante,Moderadamente importante,Se ve bien,Se ve rico,Apetitoso ,Huele bien ,Me gusta ,Fresco ,Ninguno,Buena ,Precio
3,2023/10/05 1:49:22 p. m. GMT-5,Pitahaya,Femenino,Importante,Importante,Moderadamente importante,Importante,Moderadamente importante,Moderadamente importante,Poco importante,Importante, Color rosado blando , Transparente y rosada , Intensidad del color alta y opaca ,Frutal ,Lisa , Desabrido ,Ninguna,No es rica, Color sabor 
4,2023/10/05 1:49:40 p. m. GMT-5,Pitahaya,Femenino,Importante,Muy importante,Muy importante,Muy importante,Importante,Muy importante,Importante,Importante,Uno es más brillante  que el otro y es más grande ,Se ve maduro ,Uno está más maduro que el otro ,Fruta fresca,Esta para consumir inmediatamente ,Esta pasada. ,Mi mamá me picaba Pitaya todas las mañanas antes de ir a entrenar. Me siento en casa ,Que está pasada al comerla. ,Mirar que no esté tan madura para que me dure lo suficiente. Y la manipulación que pudo tener. Origen. 
5,2023/10/05 1:49:42 p. m. GMT-5,Pitahaya,Masculino,Muy importante,Muy importante,Importante,Importante,Moderadamente importante,Importante,Moderadamente importante,Muy importante,Color poco homogéneo. ,"Súper llamativo. Blando, jugoso. ",Media ,Básica ,"Suave, jugosa ","Jugoso, calma la sed",Lo exótico ,El desierto ,Precio. 
6,2023/10/05 1:51:53 p. m. GMT-5,Pitahaya,Femenino,Importante,Moderadamente importante,Importante,Importante,Nada importante,Moderadamente importante,Moderadamente importante,Poco importante,"Blando, color rosado, textura lisa , fruto de ran tamaño. Fruto vistoso y llamativo ","Firmé con semillas visibles, firmé tonalidad blanca /translúcida ","Intensidad de color  opaco color no uniforme , no aplica brillo ",Olor arbustivo ,"Compacto, agradable al gusto uniforme ","Similar a la pitaya , dulce",Canelazo ,Fruto interesante no lo conocía ,Madurez y firmeza 
7,2023/10/05 1:52:23 p. m. GMT-5,Pitahaya,Masculino,Poco importante,Importante,Importante,Importante,Muy importante,Moderadamente importante,Moderadamente importante,Poco importante,Bueno ,Bueno ,Curiosidad ,No mucho ,,Tiene poco sabor ,Ninguna ,Tiene poco sabor ,El estado externo de la fruta y el grado de maduración 
8,2023/10/05 1:53:55 p. m. GMT-5,Pitahaya,Femenino,Importante,Importante,Moderadamente importante,Importante,Moderadamente importante,Importante,Importante,Importante,"Es bonito y llamativo, el color es agradable ",Muy bien ,"Opaco, no se ve tan fruto ",Huelo un poco dulce ,Las semillitas no son tan agradables ,Incipido ,A la patilla pero menos dulce ,Es agradable a la vista,
9,2023/10/05 1:57:11 p. m. GMT-5,Pitahaya,Masculino,Importante,Muy importante,Moderadamente importante,Importante,Moderadamente importante,Moderadamente importante,Importante,Poco importante,"Color no tan brillante puntas no verdes sino cafés, con golpes",Sana con color blanco brillante ,"Morado no continuo con manchas opacas, no se ve de buena calidad ",Aroma dulce suave,Se ve firme pero hay zonas blandas lo que me hace pensar que no esta sano por dentro ,Jugoza pero insípida ,De pequeño mi abuela me daba de comer en pocas cantidades ,Comer con clase ,Colores brillantes y de apariencia sana
10,2023/10/05 1:57:29 p. m. GMT-5,Pitahaya,Masculino,Moderadamente importante,Muy importante,Poco importante,Muy importante,Importante,Importante,Muy importante,Moderadamente importante,"es de color rosado con cambios de tonalidad a café en las zonas maduras, generalmente rosado",es de color blancuzco con semillas negras y tonalidades rosadas supongo que por la cáscara ,los colores vivos son muy llamativos ,"aroma neutro, algo floral, muy fresco ","blanda, agradable, refrescante ",bastante acuoso y refrescante ,"me recuerda a frutas similares, de textura acuosa, como la sandía en días cálidos o en climas más calientes",refresco,"el color, la firmeza y el precio"
11,2023/10/05 1:57:32 p. m. GMT-5,Pitahaya,Femenino,Importante,Importante,Poco importante,Importante,Moderadamente importante,Moderadamente importante,Importante,Poco importante,Bonita,Grande ,Brilloso medio,Olor neutro ,"Suavidad, ninguna","Acuoso, desagradable ",Niñez,Pertenencia de un fruto tropical,Que se vea en buen estado
12,2023/10/05 1:57:51 p. m. GMT-5,Pitahaya,Masculino,Poco importante,Importante,Muy importante,Moderadamente importante,Poco importante,Moderadamente importante,Importante,Poco importante,"Maltratado y blando,con colores palidos ","Jugoso y en buen estado,colores pálidos ",Colores perlados rojos muy llamativos,Agradable y dulce ,Arenosa y resbaloso ,Agradable medianamente neutro y muy refrescante ,Primera vez que lo como ,Sensación de bienestar ,El nivel de madurez y que tan higiénico es el sitio
13,2023/10/05 2:01:09 p. m. GMT-5,Pitahaya,Masculino,Nada importante,Nada importante,Importante,Poco importante,Importante,Importante,Importante,Poco importante,"Lindo,comestible,perfecto ",Bien supongo ,Curiosidad ,Nada ,Babosa,Neutro ,Chistosa,Neutra ,No suelo consumir pero pensaría que el tamaño y color externo 
14,2023/10/05 2:01:29 p. m. GMT-5,Pitahaya,Masculino,Importante,Importante,Nada importante,Moderadamente importante,Importante,Moderadamente importante,Muy importante,Moderadamente importante,,Parece que está en buen estado,Me parece curioso el color,No tengo sentido del olfato ,Se parece a un kiwi,No me sabe a nada,Al kiwi pero sin sabor ,Ninguna,Lo probaría por el color del fruto
15,2023/10/05 2:02:01 p. m. GMT-5,Pitahaya,Femenino,Muy importante,Moderadamente importante,Muy importante,Importante,Nada importante,Moderadamente importante,Muy importante,Poco importante,Color fuerte no se observa magullada,Se ve fresca,Rosado intenso ,Huele fresco ,n textura granulada,Sabor dulce desabrido ,Comiendo con mi familia ,Felicidad,El precio y estado 
16,2023/10/05 2:02:52 p. m. GMT-5,Pitahaya,Femenino,Muy importante,Muy importante,Muy importante,Importante,Moderadamente importante,Importante,Importante,Importante,"Tamaño grande, parece estar madura, se ve sana","El color luce agradable, textura firme","Luce brillante, color fucsia leve, aspecto saludable",Me resulta inoloro,Gelatinosa,Siento que no está tan dulce ,Me recuerda a mi abuelita,Bienestar ,"Calidad, precio, qué tan nutritivo es"
17,2023/10/05 2:03:40 p. m. GMT-5,Pitahaya,Femenino,Muy importante,Muy importante,Muy importante,Moderadamente importante,Importante,Moderadamente importante,Muy importante,Moderadamente importante,Bueno,"Blandita, tiene algunas magulladuras, es grande",Esta opaca aunque naturalmente es llamativa por su color rosa,Huele a fresco ,Es blandita ,Bastante fresco y rico,A una ensalada de frutas,No es provocativa pero esta rica,Que este un poco dura y brillante 
18,2023/10/05 2:04:46 p. m. GMT-5,Pitahaya,Femenino,Muy importante,Muy importante,Muy importante,Muy importante,Poco importante,Moderadamente importante,Muy importante,Nada importante,"Tiene un color lindo, pero hay un daño en una parte del fruto y eso le quita calidad","Se siente suave, sabe simple, es jugosa.","Tiene colores llamativos y que combinan muy bien, el brillo en la cascara da ganas de comprarla y comerla.","No me genera sensaciones muy intensas, más bien da como tranquilidad",Solo la textura me provoca consumir del mismo ,"No me gusta, por su apariencia, hace pensar que será más rico, más intenso o dulce su sabor, pero es bastante simple.",Ninguno,Ninguna,"Que no tenga golpes, que no esté abierto o tenga ranuras, que su color sea llamativo y que sea grande"
19,2023/10/05 2:06:23 p. m. GMT-5,Pitahaya,Masculino,Poco importante,Poco importante,Importante,Importante,Moderadamente importante,Importante,Muy importante,Moderadamente importante,Agradable,Un poco simple,Probarla,Normal,Muy blanda ,Desfustar,Estar en el campo ,Frescura,Sabor y lo medicinal
20,2023/10/05 2:06:55 p. m. GMT-5,Pitahaya,Masculino,Moderadamente importante,Moderadamente importante,Moderadamente importante,Importante,Moderadamente importante,Moderadamente importante,Importante,Importante,Se de muy buen color es muy grande y según mi persecución es de m jor sabor si es más pequeña ,Muy bien ,Me atrae el color ,No tiene una aroma fuerte entonces normal ,Es como muy suave ,"El sabor fue muy neutro, me gustó ",Muchas anécdotas pues de como la probé por primera vez y cosas así ,Me gusta ,Que este limpio el lugar 
21,2023/10/05 2:08:25 p. m. GMT-5,Pitahaya,Femenino,Muy importante,Muy importante,Importante,Muy importante,Importante,Importante,Muy importante,Moderadamente importante,Su aparecía genera mucha intriga y deseo de probarlo,,Es muy fuerte ,Sin tanto olor,Muy grumosa,Es muy suave al momento de ingerirlo,Un dulzor muy suave,Comer mucha,Su color y forma
22,2023/10/05 2:08:55 p. m. GMT-5,Pitahaya,Masculino,Moderadamente importante,Moderadamente importante,Muy importante,Moderadamente importante,Poco importante,Nada importante,Nada importante,Nada importante,"Gran tamaño, buen color","Muy buen estado, maduro,  grande",Adecuada para el fruto,Huele a desinfección ,"Me provoca hambre, ganas de comer","La pitaya estaba simple, le falta dulzura y textura ",No me genera ningún recuerdo asociado a dragón fruit,"Desinflado, esperaba más del fruto al probarlo por como lucía",Indiferencia
23,2023/10/05 2:10:01 p. m. GMT-5,Pitahaya,Femenino,Moderadamente importante,Importante,Moderadamente importante,Importante,Moderadamente importante,Importante,Muy importante,Nada importante,Fresco y con sabor dulce,Su coloración es opaca pero su sabor es dulce ,Esta brillante con tonalidades provocativas,No sentí un olor característico,Es una textura fibrosa y rugosa,Me provoca seguir comiendo mas de este fruto,Me recuerda a otros alimentos o frutas con fibra como la papaya,Me gusta su sabor y me atrae,"La luminosidad y la intensidad del color, con la firmeza y frescura"
24,2023/10/05 2:10:15 p. m. GMT-5,Pitahaya,Femenino,Muy importante,Muy importante,Importante,Importante,Moderadamente importante,Importante,Importante,Poco importante,1 tiene una apariencia agradable a la vista pero también tiene una consistencia algo blanda en algunas zonas ,Se ve muy bien,Tiene un color muy intenso y llamativo que dan ganas de probarlo,No tiene mucho aroma para percibir,Es grumosa pero agradable la sensación en la boca,No la había probado y por su apariencia pensé que iba a tener un sabor más amargo ,Cosas que hago cotidianamente nada en específico.,Es muy rara pero dan ganas de seguir probandola,Color y consistencia
25,2023/10/05 2:12:55 p. m. GMT-5,Pitahaya,Masculino,Moderadamente importante,Muy importante,Nada importante,Poco importante,Muy importante,Importante,Importante,Poco importante,Bueno,Bueno ,No aplica,Dulce,"Suave, semilla pequeña ","Dulce, ligeramente amargo",El desayuno,Agrado,Estado fitosanitario 
26,2023/10/05 2:19:47 p. m. GMT-5,Pitahaya,Masculino,Poco importante,Importante,Moderadamente importante,Moderadamente importante,Nada importante,Importante,Moderadamente importante,Poco importante,"Un poco inusual, extraña en la forma y el color ya que no se parece a nada lo que conozca ",Ya es un poco conocido en cuanto a la pepa y la pulpa ,"Me parece bien, me genera curiosidad, por lo rosado creo que me puede rentar más para probar pensando en algo dulce ",Pues no experimenté olor alguno a la hora de olerlo,"Me parece rara por las protuberancias, es dura","Es dulce, también la textura es suave, aguado y como gelatinoso",Cómo una gelatina ,"Es sensación de curiosidad por la forma principalmente y el color, el sabor es dulce y suave, un poco refrescante","Pues ya sabiendo como es, el tamaño pues tiene que ser mediano, color rosa, tiene que ser dentro de ella consistente pero gelatinoso "
27,2023/10/05 2:20:12 p. m. GMT-5,Pitahaya,Femenino,Moderadamente importante,Moderadamente importante,Importante,Muy importante,Muy importante,Muy importante,Importante,Muy importante,Buena,Buena,"El color es fucsia un poco luminoso el fruto, provoca un poco de desgasto",Amargo,Textura blanda,"Un poco dulce al inicio, después no tiene sabor",Me recuerda a la Pitaya de color amarillo,"Me conforta el sabor, es muy rico comerlo","La cobertura externa esta muy desgastada pero no hay presencia de golpes o alguna pudrición, sin embargo el sabor es suave al paladar"
28,2023/10/05 2:20:22 p. m. GMT-5,Pitahaya,Masculino,Moderadamente importante,Importante,Importante,Importante,Moderadamente importante,Importante,Muy importante,Poco importante,Agradable,Buena,Sin cascara,Poco olor,Rica,Sin dulce,Exotico,Placer,Madurez
29,2023/10/05 2:21:15 p. m. GMT-5,Pitahaya,Femenino,Importante,Importante,Muy importante,Muy importante,Moderadamente importante,Importante,Muy importante,Poco importante,Regular ,Blanda ,"Apariencia opaca, no se ve en excelente estado ",Muy suave ,Parece que no esta muy fresca ,Insipido ,Hojas,Esta viejita ,Frescura 
30,2023/10/05 2:21:38 p. m. GMT-5,Pitahaya,Masculino,Importante,Importante,Importante,Importante,Moderadamente importante,Moderadamente importante,Importante,Nada importante,"Rosado, suave, blando",Se ve en buen estado,Color medio y el brillo poco,No tiene un olor específico.,Lisa. Se siente suave,No nada dulce. Un sabor muy simple,Ninguno,Ninguno,No es un producto que compre normalmente 
31,2023/10/05 2:24:34 p. m. GMT-5,Pitahaya,Masculino,Poco importante,Importante,Importante,Importante,Moderadamente importante,Importante,Importante,Poco importante,Buena,Tiene unas pocas magulladuras pero en general esta muy bien,El color es lo normal y tiene poco brillo ,No le siento aroma ,Es duro y la sensación es la normal,El sabor es un poco insípido ,Ninguna ,"Se ve bien, aunque el sabor no era el que esperaba ",Que no se vea magullado o con lesiones y que tenga cierta dureza y este tensa al espichar 
32,2023/10/05 2:27:40 p. m. GMT-5,Pitahaya,Masculino,Importante,Muy importante,Muy importante,Importante,Moderadamente importante,Muy importante,Muy importante,Moderadamente importante,Buena ,"Grande llamativo, sabrosa ","Curiosidad, muy llamativa",No presenta olor característico,Desagradable,"Insípido, poco dulce ",Ninguna ,"Insípida falta de ""alma""",Tamaño y frescura 
33,2023/10/05 2:31:00 p. m. GMT-5,Pitahaya,Femenino,Importante,Muy importante,Importante,Importante,Moderadamente importante,Muy importante,Importante,Poco importante,Algunos daños,Buen estado. Blanco con semillas negras,"Buen intensidad, sin tanto brillo. Se ve limpia. ",Huele a blanqueador,"Es duro, con bracteas",Sabe simple no me agrada,A campo,Me gusta su color y forma pero no me agrada su sabor,La firmeza del fruto y los daños que este tenga
34,2023/10/05 2:35:22 p. m. GMT-5,Pitahaya,Masculino,Muy importante,Importante,Importante,Importante,Moderadamente importante,Moderadamente importante,Muy importante,Poco importante,"Roja, bonita",Un poco moraditaun tris oxidada solo algunas,La cáscara es de rojo intenso,,Buena textura ,Esperaba un sabor más dulce,Cuando me lo daban de pequeño para el estreñimiento ,Curioso,Apariencia física más que todo
35,2023/10/05 2:35:30 p. m. GMT-5,Pitahaya,Femenino,Muy importante,Importante,Moderadamente importante,Importante,Moderadamente importante,Importante,Importante,Poco importante,Firme ,"Me gusta, es blanco y suave","Me gusta el color, es intenso ",No me gusta el olor es como agrio ,"La textura me gusta pro las semillas, tiene esa parte crocante ","No me gusta el sabor, lo siento plano sin nada resaltable. ",Me recuerda a kiwi,"No me gustó el sabor, no lo encuentro agradable ","El precio, la madurez "
36,2023/10/05 2:39:11 p. m. GMT-5,Pitahaya,Femenino,Muy importante,Muy importante,Moderadamente importante,Muy importante,Muy importante,Muy importante,Moderadamente importante,Poco importante,"Buen color, buena firmeza y buen tamaño. ","No se observa el fruto ""magullado"", se ve de ",Color adecuado,No tiene aroma,Babosa ,Sabor insípido ,Nunca la había consumido ,No la compraría ,No lo compraría 
37,2023/10/05 2:39:17 p. m. GMT-5,Pitahaya,Femenino,Moderadamente importante,Importante,Moderadamente importante,Importante,Importante,Importante,,Moderadamente importante,"Bueno, color intenso ","Buena, brillante","No tiene tanto brillo, colores fuertes y vibrantes ",No tiene un aroma distingible,"Muy suave, confortable ","No muy fuerte, suave, confortable ",Enfermedad estomacal ,Bastante fuerte ,"Frescura, color y textura "
38,2023/10/05 2:40:07 p. m. GMT-5,Pitahaya,Masculino,Importante,Importante,Importante,Importante,Moderadamente importante,Importante,Muy importante,Moderadamente importante,"Se ve un poco maltratada, tiene una capitãs un poco secas, da el efecto de no estar muy fresco",Está un poco morada y en algunos cortes se ve unos aros amarillos que acné pensar que el fruto no estaba en la mejor condición ,,,,"Es un sabor rico, sin embrago, me pareció  un poco simple",No me recuerda nada,"Se siente como algo bastante saludable y fresco, perfecto para unas onces","Que se vea bastante colorido, muy llamativo"
39,2023/10/05 2:40:16 p. m. GMT-5,Pitahaya,Femenino,Poco importante,Importante,Importante,Importante,Moderadamente importante,Importante,Muy importante,Poco importante,Rosada y con cafe,Medio aguado y con menos sabor que la amarilla,Muy brillante ,Huele a hojas,Viscoso y frescura ,Cómo a agua con un poco de azúcar ,Al agua ,Frescura ,Que este bonito y blandito para comer ya
40,2023/10/05 2:42:24 p. m. GMT-5,Pitahaya,Masculino,Poco importante,Moderadamente importante,Importante,Moderadamente importante,Importante,Importante,Muy importante,Moderadamente importante,Roja gigante,Blanca al sabor un tanto biche,Es bastante brillante ,Un tanto aroma dulce,"Gelatinosa, bizcosa ",El sabor soso y me genera cierto placer ,Nada,Placer ,Que no esté muy madura 
41,2023/10/05 5:45:52 p. m. GMT-5,Pitahaya,Femenino,Muy importante,Muy importante,Muy importante,Muy importante,Muy importante,Muy importante,Muy importante,Moderadamente importante,"Color rojo, buena apariencia","Agradable, fresca, un color llamativo ",Color fuerte y opaco,"Sin aroma, bajo",Textura blanda y sensación de frescura,Sabor con sensación a rabano,Me recuerda un vegetal ,Desagradable,"Sanidad, tamaño, buena apariencia, madurez "
42,2023/10/05 1:38:58 p. m. GMT-5,Chontaduro,Masculino,¿Qué tan importante es para ti el color del fruto al momento de comprarlos en el mercado?,¿Qué tan importante es para ti la apariencia del fruto al momento de comprarlos en el mercado?,¿Qué tan importante es para ti el aroma del fruto al momento de comprarlos en el mercado?,¿Qué tan importante es para ti la textura y firmeza del fruto al momento de comprarlos en el mercado?,¿Qué tan importante es para ti el tamaño del fruto al momento de comprarlos en el mercado?,¿Qué tan importante es para ti el estado de madurez del fruto al momento de comprarlos en el mercado?,¿Qué tan importante es para ti el precio en relación a la calidad del fruto al momento de comprarlos en el mercado?,¿Qué tan importante es para ti el origen del fruto al momento de comprarlos en el mercado?,Describe el estado general del fruto (Apariencia externa),Describe el estado general del fruto (Apariencia interna),Describe la intensidad de color y brillo de la cáscara (si aplica el brillo) y lo que te provoca al verlo,Describe el aroma del producto y lo que te produce el producto al momento de olerlo,Descripción de la textura del producto y la sensación que te provoca,Describe el sabor y lo que te provoca el sabor,¿Qué remembranza te provoca la fruta? (remembranza: recuerdos),¿Que sensación te provoca la fruta? (A nivel general),Describe que criterios tienes al momento de adquirir este producto en un lugar de mercado
43,2023/10/05 1:45:05 p. m. GMT-5,Chontaduro,Masculino,Moderadamente importante,Moderadamente importante,Moderadamente importante,Moderadamente importante,Moderadamente importante,Moderadamente importante,Moderadamente importante,Moderadamente importante,"Tiene un color muy marcado, atractivo","Se ve fresco, de buen aspecto","Intenso, pero poco brillante",Inoloro,"Firme, robusto","Curioso, es mi primera vez probandolo","Poca la verdad, casi no tengo interacción con el fruto",Curiosidad. Expectativa,"Color, firmeza, referencias"
44,2023/10/05 1:48:54 p. m. GMT-5,Chontaduro,Masculino,Moderadamente importante,Importante,Poco importante,Poco importante,Importante,Muy importante,Moderadamente importante,Importante,Pequeño un poco duro de color opaco ,Color amarillo quemado mate con poco brillo ,Amarillo quemado opaco ,Oler maderoso ,Liso medio duro ,Sabor seco insípido sin sal ,Ninguno,Poco agradable ,Su madurez y que sea poco blando
45,2023/10/05 1:49:22 p. m. GMT-5,Chontaduro,Femenino,Importante,Importante,Importante,Moderadamente importante,Importante,Importante,Muy importante,Moderadamente importante,Se ve pequeño ,Se ve seco,Color apagado,Feo,"
Sensación fea",Sabe feo,Ninguna,No me apetece ,No lo compro
46,2023/10/05 1:49:40 p. m. GMT-5,Chontaduro,Femenino,Moderadamente importante,Importante,Moderadamente importante,Importante,Moderadamente importante,Moderadamente importante,Poco importante,Importante,Firme naranja ,Deshojando ,  Color alto brilloso,Salado, Algodonosa,Salado,Suero,Incómodo , Color sin magilladura
47,2023/10/05 1:49:42 p. m. GMT-5,Chontaduro,Masculino,Importante,Muy importante,Importante,Muy importante,Importante,Muy importante,Muy importante,Moderadamente importante,Maduro. No se ve tan bien. ,Buena textura y sabor simple,Bastante brillo y color,Huele a nevera. ,Recuerdos de mi cali. Ojalá tuvieran miel.,Q está pasada así que no me gustó ,Me acuerdo de ir caminando en la calle en cali,Tiene buena tactura mala apariencia por fuera por dentro está bien de textura y sabor simple,Madurez. Precio calidad. Origen. 
48,2023/10/05 1:51:53 p. m. GMT-5,Chontaduro,Femenino,Importante,Importante,Poco importante,Poco importante,Poco importante,Moderadamente importante,Importante,Importante,"Bien, poco deforme, con poca intensidad del color. ","Bien, sin daños ","Alta, me genera un poco de riesgo ","Básico, neutro, desconocido ","Firme, fortaleza ","Básico, tropical, Pacífico. Raizal ",Viaje al pacifico ,Cultura del Pacífico ,Ninguno 
49,2023/10/05 1:52:23 p. m. GMT-5,Chontaduro,Masculino,Moderadamente importante,Importante,Moderadamente importante,Importante,Poco importante,Moderadamente importante,Importante,Poco importante,"Pequeña liso , como no uniforme ","Naranja intenso similar a trompo , variedad de intensidad de colores ","Opaco 
Me provoca comer la semilla sabe a coco",Aroma  salsa dulce,"Rugosa
Sensación particular ","Seco consistencia firmé 
Simple 
La semilla rica ","Fruta favorita de mi mamá, recuerdo su alto consumo hace que las palmas de las manos se pongan naranjas ","No es fruta totalmente agradable en seco , en jugo con aditivos como miel y tarrito rojo sabe mejor ",Color y firmeza 
50,2023/10/05 1:53:55 p. m. GMT-5,Chontaduro,Femenino,Moderadamente importante,Moderadamente importante,Importante,Moderadamente importante,Importante,Moderadamente importante,Importante,Importante,No es muy lindo,Poco color ,Color no muy agradable ,,Desagradable ,Fuerte y feo ,Ninguna nunca lo había probado ,No me gustó ,Nivel de madurez 
51,2023/10/05 1:57:11 p. m. GMT-5,Chontaduro,Masculino,Importante,Importante,Importante,Importante,Importante,Importante,Importante,Importante,No  es tan llamativo ,Es endurecida,Tiene un color llamativo ,Un oler dulce ,No me gusta ,"Horrible, saber feo. ",Nunca había probado algo tan feo ,Es desagradable ,
52,2023/10/05 1:57:29 p. m. GMT-5,Chontaduro,Masculino,Poco importante,Moderadamente importante,Moderadamente importante,Importante,Moderadamente importante,Importante,Moderadamente importante,Nada importante,"Medianamente sano, colores apagados y corola seca","Fibroso, sano con buen color ",Poco brillo con heridas ,Inholoro ,"Fibrosa seca, me da sed ","Sabe parecido a yuca dulce, no me provoca ",Un viaje en familia que paramos a comer en la carretera ,Es muy seca,Que se vean sanos y de buen color 
53,2023/10/05 1:57:32 p. m. GMT-5,Chontaduro,Femenino,Poco importante,Poco importante,Moderadamente importante,Importante,Moderadamente importante,Moderadamente importante,Moderadamente importante,Moderadamente importante,"color cobrizo, con algunas rajaduras, muy firme al tacto ",color naranja intenso muy uniforme y firme al tacto ,"el color es un cobrizo opaco, sin embargo refleja muy bien la luz y tiene un brillo agradable a la vista, llamativo ","un aroma muy fuerte, un poco desagradable a mi gusto","firme, fibrosa, difícil de masticar ","un sabor muy fuerte, amargo y marcado","a mí familia, ellos aman el chontaduro ",desagrado,la firmeza y el color
54,2023/10/05 1:57:51 p. m. GMT-5,Chontaduro,Masculino,Importante,Moderadamente importante,Nada importante,Moderadamente importante,Poco importante,Importante,Importante,Poco importante,Bueno,Apetecible,"Brillante moderadamente, nada","Feo, disgusto","Duro, desagradable","Duro, desagradable",La plaza de mercado los domingos,Disgusto,El tamaño
55,2023/10/05 2:01:09 p. m. GMT-5,Chontaduro,Masculino,Moderadamente importante,Moderadamente importante,Moderadamente importante,Moderadamente importante,Moderadamente importante,Importante,Muy importante,Poco importante,En buen estado,Buen estado,Opaco tieando a oscuro,Olor a fresco,Arenosa,Llenura por lo seco ,Viajes al valle del cauca,Alimento nutritivo,La higiene y el precio
56,2023/10/05 2:01:29 p. m. GMT-5,Chontaduro,Masculino,,Muy importante,Poco importante,Muy importante,Importante,Muy importante,Importante,Poco importante,Bien ,Bien ,"Apariencia poco brillante , opaco ",Huele a maíz o a harina de trigo ,Resequedad ,A envuelto ,A comer envuelto ,Arenoso ,"Tamaño, color si está golpeado aspectos comunes en las frutas "
57,2023/10/05 2:02:01 p. m. GMT-5,Chontaduro,Femenino,Importante,Moderadamente importante,Nada importante,Moderadamente importante,Poco importante,Importante,Muy importante,Moderadamente importante,Parece un tomate pequeño ,Parece una panela,Es opaco ,No tengo sentido del olfato ,Es un poco aspero,Me causa sed pero le gustó ,No recuerdo a qué pero si es un sabor familiar ,Buena ,La cáscara no parece importar 
58,2023/10/05 2:03:40 p. m. GMT-5,Chontaduro,Femenino,Poco importante,Importante,Importante,Moderadamente importante,Poco importante,Poco importante,Poco importante,Poco importante,Luce bien,Luce bien,No se ve tan brillante,No es agradable,Duro,No me gusta,Los vendedores ambulantes ,"No me gusta, como seco",Sabor 
59,2023/10/05 2:04:46 p. m. GMT-5,Chontaduro,Femenino,Muy importante,Muy importante,Muy importante,Muy importante,Muy importante,Muy importante,Muy importante,Muy importante,Es bastante llamativo por su color pero su nombre es feo,Esta muy duro y rayado,Es un color poco llamativo y opaco,Huele a salsa y acido,Se nota que tiene una cascara gruesa,Es dulce y rico,Me da malos recuerdos por su textura,Ds poco provocativa por su textura,Que sea grande y que huela bien
60,2023/10/05 2:06:23 p. m. GMT-5,Chontaduro,Masculino,Nada importante,Nada importante,Nada importante,Nada importante,Nada importante,Nada importante,Nada importante,Nada importante,"Es una fruta firme, con un color poco llamativo, opaco, no es muy apetecible para mí ","No me gusta, entonces no lo probé ","Muy opaco, no tiene brillo, no es un color llamativo.","No me agrada, me da sensación de poca inocuidad ",Ninguna,"No me gusta, lo probé una vez fuera de la universidad y me genero como impaciencia por ser tan seco",Ninguno,Ninguna,No puedo opinar
61,2023/10/05 2:06:55 p. m. GMT-5,Chontaduro,Masculino,Importante,Importante,Importante,Importante,Poco importante,Importante,Importante,Importante,Muy importante por lo que provoca ,Que la textura no sea blanda ,Probarlo,Olerlo,Sensación de frescura ,Saborearlo,Campo,Adquirirlo y también recomendarlo ,El estado del fruto 
62,2023/10/05 2:08:25 p. m. GMT-5,Chontaduro,Femenino,Moderadamente importante,Moderadamente importante,Moderadamente importante,Moderadamente importante,Moderadamente importante,Moderadamente importante,Moderadamente importante,Moderadamente importante,Buen color ,Textura seca ,Súper color naranja brillante ,No me gusta ,No me gusta ,No me gusta ,No me gusta ,No me gusta ,Que sea un lugar medianamente limpio 
63,2023/10/05 2:08:55 p. m. GMT-5,Chontaduro,Masculino,Muy importante,Muy importante,Importante,Moderadamente importante,Moderadamente importante,Moderadamente importante,Importante,Moderadamente importante,Un olor muy seco  y su forma diferente,Muy diferente   a las frutas que conozco,Su intensidad es muy fuerte,No cambia mucho,Muy seca,No me es tan apetecible,No muy agradable,Me deja seca la boca,Con miel
64,2023/10/05 2:10:01 p. m. GMT-5,Chontaduro,Femenino,Moderadamente importante,Moderadamente importante,Muy importante,Moderadamente importante,Nada importante,Nada importante,Nada importante,Nada importante,buen color,Duro,Brillante aunque no me da buenas sensaciones ,Siento como si oliera salsas ,Fibrosa ,"Horrible, amargo, deja sensación de malestar en la boca, no lo recomiendo, asqueroso",La plazoleta de la facultad de ciencias ,Malestar general,No adquirirlo
65,2023/10/05 2:10:15 p. m. GMT-5,Chontaduro,Femenino,Importante,Importante,Nada importante,Importante,Poco importante,Poco importante,Moderadamente importante,Nada importante,Brillante,"Seca, amarga y son sabor",Me causa curiosidad verlo pero ,"No me gusta su olor, no me atrae","Es una textura fibrosa y seca, no me provoca ningún gusto","Amargo, me seca la boca ",No he tenido ninguna experiencia así ,No me gustó ,El brillo y la firmeza
66,2023/10/05 2:12:55 p. m. GMT-5,Chontaduro,Masculino,Importante,Importante,Moderadamente importante,Importante,Poco importante,Importante,Importante,Moderadamente importante,Tiene buena apariencia y color agradable ,Es como tipo mango ,Tiene un color naranja intenso ,El aroma a mi percepción no es muy agradable ,El fruto es seco y arenoso tampoco lo había probado antes y me esperaba algo más dulce.,No me gusta y por lo seco da sed .,Por el olor me recordó a un perrito mojado,Desagradable ,No creo q lo compre pero sería el color
67,2023/10/05 2:19:47 p. m. GMT-5,Chontaduro,Masculino,Muy importante,Importante,Poco importante,Poco importante,Moderadamente importante,Moderadamente importante,Importante,Poco importante,Buena,Buena,No aplica ,Madera,"Suave, harinosa","Astringente, seco, dulce",La plaza ,Agrado,Color
68,2023/10/05 2:20:12 p. m. GMT-5,Chontaduro,Femenino,Moderadamente importante,Importante,Poco importante,Muy importante,Moderadamente importante,Importante,Importante,Poco importante,"Es duro, color como anaranjado o marrón y el tamaño es pequeño","Es como arenoso, como con fibras o pelos y es consistente ","Es un poco opaco aunque se nota un poco de brillo, el color es anaranjado aunque a veces es más rojizo ","Pues el olor no es muy característico, aunque si percibo mucho pero ya en el comestible ","Es liso, un poco brillante y duro","Es arenoso, un sabor difícil de describir pero agradable a mi parecer ","Pues ya la conocía y me recuerda un poco a Cali, en cuanto a una dura no se me hace parecido a ninguna, por sus consistencia y que es seco y arenoso ","Es muy rico, con sal mejor mucho el sabor, es pequeño, duro y arenoso","Que tenga buen color como rojo o amarillo, si ya está procesado que sea de un solo tono como naranja"
69,2023/10/05 2:20:22 p. m. GMT-5,Chontaduro,Masculino,Nada importante,Nada importante,Poco importante,Poco importante,Poco importante,Poco importante,Poco importante,Poco importante,Es dura la cubierta,Es naranja con muchas fibras,"Es un naranja intenso, no tiene brillo, no es antojable",Es fuerte tirando a amargo,Es grumosa con muchas fibras,Es amargo e insipido,No me ha gustado,No es petecible,Tiene buena textura y firmeza pero no es agradable al gusto
70,2023/10/05 2:21:15 p. m. GMT-5,Chontaduro,Femenino,Importante,Importante,Importante,Importante,Importante,Importante,Muy importante,Nada importante,Colorida,Bien cocida,De buen color,Poco olor,Delicioso,Movimiento hormonal,Poder,Placer,Madurez
71,2023/10/05 2:21:38 p. m. GMT-5,Chontaduro,Masculino,Importante,Importante,Importante,Importante,Poco importante,Importante,Importante,Importante,No parece madurez óptima ,"Bien, arenoso ","Poco brillo, color opaco ",Semillas ,Provoca comerlo en una sopa,"Da la sensación de algo por descubrir, es raro para mi","Selva, Putumayo ",Descubrir ,Nunca compro 
72,2023/10/05 2:24:34 p. m. GMT-5,Chontaduro,Masculino,Muy importante,Muy importante,Muy importante,Muy importante,Muy importante,Muy importante,Moderadamente importante,Poco importante,"Se ve bien, sin problemas",Se parece a un zapote pero más pequeño. Tiene buen color,Tiene un color intenso medio y no tiene tanto brillo,No me.gusta,Liso,No lo prove,De las pocas fritas que no me gustan,Vomito,No lo compro
73,2023/10/05 2:27:40 p. m. GMT-5,Chontaduro,Masculino,Nada importante,Importante,Poco importante,Importante,Poco importante,Poco importante,Importante,Poco importante,La apariencia externa se ve normal,Se ve normal,"El color no es intenso y no tiene brillo, es más bien opaco ",El aroma es el usual al de los mercados ,"Es liso, ninguna sensación ","El sabor no tiene nada en especial, es normal ",Ninguna ,Ninguna,El estado de la cáscara y la firmeza del fruto
74,2023/10/05 2:31:00 p. m. GMT-5,Chontaduro,Femenino,Muy importante,Muy importante,Importante,Importante,Moderadamente importante,Importante,Importante,Moderadamente importante,"Firme, maduro en estado óptimo de consumo ",Fresco y seco ,"Intenso, brillo provoca consumirlo ",Madera,"Insípido, desagradable ",Desagradable ,Ninguno ,"Poco llamativo, sabor insípido ",Tamaño y estado del fruto 
75,2023/10/05 2:35:30 p. m. GMT-5,Chontaduro,Femenino,Muy importante,Muy importante,Moderadamente importante,Importante,Moderadamente importante,Moderadamente importante,Importante,Poco importante,Rojo bonito,Consistente ,Esta bien brillante,Como fruto seco,Como arenosa,Aabe a fruto seco,Las frutas del monte ,Nada en realidad,Que esté bonita
76,2023/10/05 2:39:17 p. m. GMT-5,Chontaduro,Femenino,Muy importante,Moderadamente importante,Moderadamente importante,Poco importante,Importante,Muy importante,Moderadamente importante,Nada importante,Buen color,"Buena consistencia, color y textura ", A pesar de tener brillo se observan lesiones en la cascara,Olor similar a papa,Textura firme y dura. ,No me gusto,Con sal similar a comer papá cocida,"No es algo que compraría, no me agradó su sabor. ",No la compraría 
77,2023/10/05 2:40:07 p. m. GMT-5,Chontaduro,Masculino,Moderadamente importante,Importante,Moderadamente importante,Importante,Moderadamente importante,Muy importante,Importante,Moderadamente importante,Color fuerte y parejo ,Color disparejo y pelitos blancos,Brill bueno color intenso y parejo ,Difícil de describir ácido o amargo ,Es muy masticable las fibras lo hacen chévere de masticar ,Suabe similar a la calabaza o ahuyama ,Ninguna no se asemaja a ninguna experiencia ,Buena ,Frescor 
78,2023/10/05 2:40:16 p. m. GMT-5,Chontaduro,Femenino,Importante,Importante,Importante,Importante,Importante,Importante,Importante,Importante,Se ve bastante gustoso y fresco,Se ve seco y poco jugoso,Es poco brilloso y la intensidad del color es muy poca,Es como de un fruto seco,"La textura es un poco arenosa, y me provoca sequedad en la boca ",Sabe como a un fruto seco o una papa ,Me recuerda viajes al Valle del Cauca ,"No me genera mucho agrado, sin embargo, lo comería si me lo ofrecen",Que se vea lo menos magullado posible
79,2023/10/05 2:42:24 p. m. GMT-5,Chontaduro,Masculino,Moderadamente importante,Importante,Moderadamente importante,Importante,Moderadamente importante,Importante,Importante,Poco importante,Roja y dura ,Anaranjado ,Opaca,Huele amargo ,Seca ,Raro pero rico como si estuviera comiendo tela,Ningúno ,Es raro pero rico ,Nunca he comprado 
80,2023/10/05 5:45:52 p. m. GMT-5,Chontaduro,Femenino,Muy importante,Muy importante,Importante,Moderadamente importante,Importante,Importante,Importante,Moderadamente importante,Madurez ,Ciertamente maduro ,Café opaco y me dan ganas de deborarlo,Madera y me transmite tranquilidad ,Duro y me genera mucho placer ,Salado y me encanta ,A mi niñez ,Alegría ,"El peso, el tamaño y el precio "
81,2023/10/05 1:38:58 p. m. GMT-5,Mamoncillo,Masculino,Muy importante,Muy importante,Muy importante,Muy importante,Muy importante,Muy importante,Muy importante,Moderadamente importante,"Fruto pequeño, color opaco","Color opaco, textura corrugosa ",Opaco,"Aroma intenso, no me gusta el olor","Corrugosa, bien me gusta",Sin sabor,Ninguno,Desagradable ,"Ninguno, no me gusta este fruto "
82,2023/10/05 1:48:54 p. m. GMT-5,Mamoncillo,Masculino,Importante,Importante,Importante,Importante,Importante,Importante,Importante,Importante,"Verde brillante, con algunos negros","Fresco, con buena pulpa","Brillante, aunque algo desperfecto, aún así, me gusta","Es muy leve, pero me gusta, es suave","Cáscara áspera, dura","Muy ricas, están muy frescas","El colegio, momentos bonitos",Me gusta,El color y la textura
83,2023/10/05 1:49:22 p. m. GMT-5,Mamoncillo,Femenino,Poco importante,Moderadamente importante,Poco importante,Poco importante,Muy importante,Muy importante,Importante,Moderadamente importante,Blandito con cáscara dura y textura rugosa ,Humedad alta carnosa con semilla grande,Biñrillo medio color verde jade,Sin olor ,"Fruto carnoso,muy rico ",El sabor es dulce y me provoca comer más ,La niñez cuando había cosecha y era muy barato ,Provoca comer más ,"Tamaño,madures y precio "
84,2023/10/05 1:49:40 p. m. GMT-5,Mamoncillo,Femenino,Importante,Importante,Importante,Moderadamente importante,Importante,Moderadamente importante,Muy importante,Moderadamente importante,Se ve bien,Se ve seco,Color apagado,Huele bien ,Normal,Ni bien ni mal,Ninguno,Normalita ,No lo compro 
85,2023/10/05 1:49:42 p. m. GMT-5,Mamoncillo,Masculino,Importante,Importante,Importante,Importante,Importante,Importante,Importante,Importante, Rugoso ,  Verde con café , Media ,   A planta , Rugosa, Dulce , Un día lindo ,  Placer, Color firmeza
86,2023/10/05 1:51:53 p. m. GMT-5,Mamoncillo,Femenino,Muy importante,Importante,Muy importante,Muy importante,Importante,Muy importante,Importante,Poco importante,Firme pero con manchas ,Delicioso. Perfecto,Fea,Delicioso fresco,Frescura y dulce,.,Mi abuela me daba mamoncillos cuando era niña,Algo diferente a mi dieta adulta,Temporada. Madurez 
87,2023/10/05 1:52:23 p. m. GMT-5,Mamoncillo,Masculino,Poco importante,Muy importante,Poco importante,Muy importante,Importante,Muy importante,Moderadamente importante,Poco importante,"Descolorido, un poco des uniforme. Variabilidad en tamaño ",Un poco des uniforme ,"Pálido, me genera sensación extraña de poco conocido ","Intenso, dulce. Me recuerda la niñez y los sabores a dulcera ","Blanda, me provoca suavidad, ternura ",Un poco de ansiedad y ganas de consumir más ,"A mi tierra, las plazas de mercado, al pueblo ",A cultura ,Oportunidad de encontrarlo 
88,2023/10/05 1:53:55 p. m. GMT-5,Mamoncillo,Femenino,Poco importante,Poco importante,Nada importante,Importante,Poco importante,Poco importante,Moderadamente importante,Poco importante,"Textura Rugosos, color no uniforme tamaño variado, parches negros ","Suave , baboso, dulce , con un sensación ácida ",Opaca me recuerda a la aceitunas ,Arbustivo ,Lisa  peculiar ,"Sabor simple , con sensación viscoso",Ninguno ,Que al comerla es como el durazno  no sabes que hacer con la semilla jejeje,Color y que no estén tan blandos 
89,2023/10/05 1:57:11 p. m. GMT-5,Mamoncillo,Masculino,Importante,Importante,Importante,Importante,Moderadamente importante,Moderadamente importante,Importante,Importante,Lindo ,Aún más lindo ,No es muy brillante ,No huele a nada ,Rico me gusta ,Ganas de comer más ,Ninguno ,Me gusta ,Nivel de madurez y color de la cáscara 
90,2023/10/05 1:57:29 p. m. GMT-5,Mamoncillo,Masculino,Importante,Importante,Importante,Importante,Importante,Importante,Importante,Importante,Se ve un poco maltratado ,Es interesante a la vista ,Es opaca,No tiene ,Es musilaginosa es agradable al paladar ,Es dulce y jugosa,,Es deliciosa ,
91,2023/10/05 1:57:32 p. m. GMT-5,Mamoncillo,Femenino,Moderadamente importante,Muy importante,Poco importante,Muy importante,Muy importante,Moderadamente importante,Muy importante,Moderadamente importante,"Se ven enfermos, muchas manchas marrones","Pulpa blanca, jugoza y sana ",Opaco con muchas afectaciones ,Inholoro ,Baboso pero con sabor ,"Dulce ácido, me gusta",De pequeño comía bastante por una tía ,"Me gusta, es suave pero difícil de comer ",La cantidad y que se vean verde sano 
92,2023/10/05 1:57:51 p. m. GMT-5,Mamoncillo,Masculino,Moderadamente importante,Muy importante,Importante,Muy importante,Importante,Importante,Moderadamente importante,Nada importante,"de color verde intenso, algunas manchitas cafés oscuras y de textura con pepitas","es de color naranja opaco, se ve húmedos pero de una textura suave","verde muy intenso, llamativo y brillante aunque no refleja la luz ","fuerte, frutal, dulce, agradable ","externa firme, interna compacta pero blanda","sabor muy dulce y agradable, en un rato se acaba ","a mí infancia, solía comer mucho mamoncillo con mis familiares contemporáneos","mucho antojo, se me muy delicioso","la cantidad, el precio y el aspecto externo del frito"
93,2023/10/05 2:01:09 p. m. GMT-5,Mamoncillo,Masculino,Importante,Moderadamente importante,Moderadamente importante,Importante,Moderadamente importante,Importante,Importante,Moderadamente importante,Agradable ,Apetecible ,Poco brillosa,Planta ,"Rugosa, agradable","Ácido, feliz ",Infancia ,Felicidad ,El tamaño del fruto
94,2023/10/05 2:01:29 p. m. GMT-5,Mamoncillo,Masculino,Muy importante,Importante,Moderadamente importante,Moderadamente importante,Poco importante,Importante,Muy importante,Poco importante,Buena,Agradable ,Opaco en la cascara,Frescura ,Baboso y liso,Ganas de seguir comiendo,La infancia,Satisfacción ,Que no tenga pepas y que sea barato
95,2023/10/05 2:02:01 p. m. GMT-5,Mamoncillo,Femenino,Importante,Muy importante,Nada importante,Importante,Poco importante,Importante,Poco importante,Moderadamente importante,Muy bien ,Muy bien ,"No tiene brillo, me da curiosidad ",Un olor muy rico me da ganas de comer ,Es como babosa pero atractiva ,Como dulce tirando a ácido ,De pequeño por que comía mucho ,Que ricoooo,La cantidad del racimo 
96,2023/10/05 2:02:52 p. m. GMT-5,Mamoncillo,Femenino,Importante,Importante,Nada importante,Importante,Moderadamente importante,Importante,Muy importante,Moderadamente importante,Parece un limón ,Parece una uva,Curiosidad,No tengo sentido del olfato ,Como un mango ,Es dulce ,Me recuerda a una mandarina,Buena,
97,2023/10/05 2:03:40 p. m. GMT-5,Mamoncillo,Femenino,Importante,Moderadamente importante,Muy importante,Moderadamente importante,Nada importante,Moderadamente importante,Muy importante,Nada importante,Grande y buen estado,En buen estado y no se observan magullada ,El color es rosado intenso verde intenso y café pálido, olía fresco,Estimulación,El sabor es dulce también fue ácido salado,Me recuerda comiendo con mi familia un domingo en la tarde,Sensación de felicidad,El precio y la apariencia
98,2023/10/05 2:04:46 p. m. GMT-5,Mamoncillo,Femenino,Moderadamente importante,Moderadamente importante,Poco importante,Importante,Poco importante,Moderadamente importante,Moderadamente importante,Importante,"Luce bien, verde opaco, no se ve tan fresco",Esta rico,"Opaco, natural",No le detecto olor,Seco pero no insípido,Dulce,La bolsita de dos mil que venden n por ahí ,,"Calidad, precio"
99,2023/10/05 2:06:23 p. m. GMT-5,Mamoncillo,Masculino,Muy importante,Muy importante,Muy importante,Muy importante,Muy importante,Muy importante,Muy importante,Muy importante,"Es pequeño y verde con manchas, esta en buen estado",Es muy aguado e inconsistente,Es verde y poco brilloso. Es muy opaco,Huele a acido,Es muy acdo ,"Es rico, dulce pero seco",Como si me estuviera comiendo un bicho,Rico,Que sea grande y un poco mas brilloso
100,2023/10/05 2:06:55 p. m. GMT-5,Mamoncillo,Masculino,Moderadamente importante,Muy importante,Moderadamente importante,Muy importante,Muy importante,Importante,Muy importante,Nada importante,"Se ve un poco seco por fuera, tienen manchas cafe oscuro que para quien no conozca pensará que no es apto par come, pero sí. La cascara es firme y protege lo suficiente la pulpa","Delicioso, aunque es un poco difícil desprender la pulpa de la semilla, tal vez sea falta de algun Nutriente mientras la producción o no sé, pero está delicioso ","Brillo no tiene, pero el color es normal",Al oler solo me dan ganas de comer jaja ,Ninguna,"Me recuerda a mi pueblito, cuando estaba en el colegio y a la salida compraba 2mil de mamoncillo y me iba comiendo a la casa ",Me da ganas de irme a vivir a tierra caliente ,Felicidad,"Que sea grande, que no esté rajado, y que no sea tan caro "
101,2023/10/05 2:08:25 p. m. GMT-5,Mamoncillo,Femenino,Importante,Importante,Importante,Importante,Poco importante,Muy importante,Muy importante,Importante,Que sea de colores frescos ,Que sea de textura carnada y más bien dura,Que sea de colores frescos ,Disfruta el aroma,Que sea un poco dura,Que sea dulce ,El campo ,Saborearlo,Que sea de colores frescos 
102,2023/10/05 2:08:55 p. m. GMT-5,Mamoncillo,Masculino,Importante,Importante,Importante,Importante,Importante,Importante,Importante,Importante,El fruto está en muy buen estado muy buen color ,"Una pepa rodeada de un ""mermelada"", buen color ",El brillo color verde muy buena ,Me gusta ,Me gusta ,Me gusta ,Una vez que casi me ahogo con una pepa ,Me gusta ,Que sea un lugar medianamente limpio y que la fruta esté en buen estado 
103,2023/10/05 2:10:01 p. m. GMT-5,Mamoncillo,Femenino,Importante,Moderadamente importante,Moderadamente importante,Importante,Importante,Importante,Muy importante,Muy importante,Muy chiquito,Poca carne,Un color muy suave,Ninguna,Muy aderida a la semilla,Muy rico,Comer muchos,Muy chiquita visualmente,Que vengan muchas
104,2023/10/05 2:10:15 p. m. GMT-5,Mamoncillo,Femenino,Moderadamente importante,Moderadamente importante,Muy importante,Moderadamente importante,Nada importante,Nada importante,Nada importante,Nada importante,Natural ,Jugosa,Es más bien mate,Sensación de consumo,"Ganas de comer, curiosidad","Ácido, pero muy delicioso. acido-rico","Mi infancia,  los viajes a la costa","Agradable, felicidad ","El tamaño, la acidez "
105,2023/10/05 2:12:55 p. m. GMT-5,Mamoncillo,Masculino,Importante,Importante,Poco importante,Importante,Nada importante,Nada importante,Importante,Nada importante,Fresco y jugoso,Fresca y jugosa,La intensidad del brillo es media y me provoca curiosidad probarlo,No tiene aroma característico,Es blando y jugoso,Es muy dulce y dan ganas de querer comer más ,Me recuerda a mi infancia,Me gusta,La frescura
106,2023/10/05 2:19:47 p. m. GMT-5,Mamoncillo,Masculino,Poco importante,Moderadamente importante,Moderadamente importante,Importante,Poco importante,Importante,Moderadamente importante,Poco importante,Pequeño y rugoso,Un color suave y agradable y consistencia gelatinosa,"Es un verde opaco, por el color pensaría q puede ser amargo como el limón ",Aroma suave pero agradable ,Tiene una textura suave y tenía juguito por dentro lo que lo hace muy rico,Un poco ácido pero soportable,Es una de las frutas que más comía cuando estaba pequeña así que me recuerda a mi infancia ,Una sensación agradable ,No muchas cosas solo lo compro 
107,2023/10/05 2:20:12 p. m. GMT-5,Mamoncillo,Femenino,Muy importante,Muy importante,Poco importante,Poco importante,Moderadamente importante,Moderadamente importante,Importante,Nada importante,Bueno ,Bueno,Manchas oscuras,Floral,Duro,"Dulce, astringente ",Infancia,No me gusta la sensación en los dientes,Color
108,2023/10/05 2:20:22 p. m. GMT-5,Mamoncillo,Masculino,Moderadamente importante,Importante,Poco importante,Moderadamente importante,Importante,Moderadamente importante,Importante,Poco importante,Es duro pero se puede deformar es relativamente pequeño y es aspero,"Es suave, como gelatinoso, con una pepa dura en el medio","Pues la apariencia no es tan atractiva, tiene un color verde palido y es áspero ",Pues no le noto mucho olor,"Es gelatinosa y suave, un poco fibrosa","Es un sabor dulce, agradable al gusto y podría repetir","Me recuerda como a la uva pero con una sensación más fibrosa y es más dulce, el tamaño es similar","Pues es una fruta muy rica, dulce, pequeña, por fuera es duro y por dentro es suave y aguado","Que no estén abiertos, de tamaño bien, y el color verde característico "
109,2023/10/05 2:21:15 p. m. GMT-5,Mamoncillo,Femenino,Importante,Importante,Importante,Importante,Importante,Importante,Importante,Importante,Está un poco golpeada,"Tiene una presencia suave, color piel","No tiene brillo la parte externa, me dan ganas de abrirlo por lo que tiene apariencia de ser comestible internamente",Es dulce y amargo,Es sueve en la parte interna ,"Es dulce y amargo al probarlo, y astringente al final",Me recuerda a tierra caliente,Astringente al final,El fruto no debe presentar pudriciones
110,2023/10/05 2:21:38 p. m. GMT-5,Mamoncillo,Masculino,Importante,Importante,Moderadamente importante,Importante,Importante,Muy importante,Muy importante,Nada importante,Algo clorotico,Buen aspecto,"Sin brillo, maltrato",Buen aroma,Exotico,Placer,Tropico,Ricura,Buen estado
111,2023/10/05 2:24:34 p. m. GMT-5,Mamoncillo,Masculino,Importante,Importante,Importante,Importante,Importante,Importante,Importante,Poco importante,"Opaco, deshidratado un poco ",Deshidratado ,"Sin brillo, color opaco",,,Ácido,"Mi papá, cuidado con la Pepa! ",Me gusta,"Frescura, que este bien jugoso "
112,2023/10/05 2:27:40 p. m. GMT-5,Mamoncillo,Masculino,Importante,Importante,Poco importante,Importante,Moderadamente importante,Importante,Moderadamente importante,Nada importante,"Carrasposo, de tamaño normal, con algunas muestras de lesiones",Del color que uno espera para esa fruta,No tiene brillo,Un aroma suave a dulce y algo de ácido.,"El fruto tiene una textura como gelatinosa y fibrosa, es una sensación extraña pero agradable",Entre dulce y ácido.,Me recuerda a mi niñez,Comidad,"Que los frutos tengan un buen tamaño y se vean sanos, ningún olor que pueda indicar pudricion"
113,2023/10/05 2:31:00 p. m. GMT-5,Mamoncillo,Femenino,Importante,Importante,Nada importante,Importante,Poco importante,Moderadamente importante,Importante,Poco importante,"Se ve muy normal, la textura, el color y la firmeza",Es más claro de lo normal ,"Tiene poco color, usualmente son más verdes y nada de brillo",Ningún olor ,"No provoca ninguna sensación, la textura es un poco áspera y rugosa ","Un poco ácido y dulce a la vez, es muy normal ",Ninguna ,Ninguna ,"La firmeza del fruto sobre todo, y la tonalidad de la cáscara "
114,2023/10/05 2:35:22 p. m. GMT-5,Mamoncillo,Masculino,Poco importante,Poco importante,Moderadamente importante,Importante,Poco importante,Poco importante,Moderadamente importante,Poco importante,"Buena apariencia, buen sabor y agradable ","Buena apariencia, jugosa y buen sabor ","Color, brillante y llamativo ",Ninguno en particular ,Astringente al final del consumo ,"Dulce, agradable ",Infancia ,Agradable y dulce ,Cantidad de producto obtenido 
115,2023/10/05 2:35:30 p. m. GMT-5,Mamoncillo,Femenino,Moderadamente importante,Muy importante,Moderadamente importante,Muy importante,Poco importante,Poco importante,Importante,Poco importante,Algunos daños posiblemente  por plagas y color verde,Buena apariencia interna,Intensidad intermedia provoca sensación de que está sucio,No tiene un olor muy fuerte,Tiene una textura un poco aspera me provoca sensación agradable,Sabor dulce y me agrada,Niñez cuando iba de vacaciones a tierra caliente,Agradable,La firmeza y tamaño
116,2023/10/05 2:39:11 p. m. GMT-5,Mamoncillo,Femenino,Muy importante,Muy importante,Importante,Importante,Importante,Importante,Importante,Poco importante,Verdes algunos manchados con negro algunos aguados,"Suave, jugoso, baboso",Se ve masticable,Como ,Babosa,Esta rico,A mi infancia,Gusto,"Que s
Este bonito y grande"
117,2023/10/05 2:39:17 p. m. GMT-5,Mamoncillo,Femenino,Importante,Importante,Poco importante,Importante,Poco importante,Importante,Importante,Poco importante,"Firme, con manchas en la cáscara ","Esta bien, de color amarillo ",El dolor de la cáscara no está tan verde ,El aroma es agradable y normal ,Es suave,El sabor es muy agradable,Cuando era niñas comía esta fruta y es una de mis favoritas,Gusto y querer probar más ,Que esté bien redonda y de color verde claro 
118,2023/10/05 2:40:07 p. m. GMT-5,Mamoncillo,Masculino,Poco importante,Poco importante,Poco importante,Muy importante,Muy importante,Moderadamente importante,Muy importante,Poco importante,Manchas definidas de color oscuro,Suave y esponjoso ,"No aplica brillo, color opaco ",Fuerte,Agradable,Un sabor agradable,,Buena y agradable ,Frutos grandes y blanditos
119,2023/10/05 2:40:16 p. m. GMT-5,Mamoncillo,Femenino,Moderadamente importante,Importante,Poco importante,Importante,Moderadamente importante,Importante,Importante,Moderadamente importante,Buena ,Brillosa con pelos bonita ,"
No muy intenso y sin brillo ",Huele a naturaleza ,Suave la pepa es masticable ,Fresco dulce y un poco acido,Mi abuela ,Bastante buena ,Precio y madurez
120,2023/10/05 2:42:24 p. m. GMT-5,Mamoncillo,Masculino,Muy importante,Importante,Importante,Importante,Importante,Importante,Importante,Importante,Se ve como con manchas de sol en la cáscara ,Se ven bastante apetitoso y fresco,Es poco brilloso por lo cual parece que no va a estar muy jugoso por dentro,Montarme un olor marcado,Es bastante suave y sedoso,Es dulce pero a la vez con un poco de acidez. Me gusta,Me recuerda visitas a fincas ,Me provoca gusto y me da ganas de comer más ,Que la cáscara se vea lo más verde y menos afectada por manchas
121,2023/10/05 5:45:52 p. m. GMT-5,Mamoncillo,Femenino,Poco importante,Importante,Importante,Importante,Poco importante,Importante,Muy importante,Moderadamente importante,Verde ,Amarillo y liso ,Opaca,A una hoja,Medio suave medio seco ,Dulce y amargo ,Ninguna ,Medio viscoso ,Nunca he comprado 
122,2023/10/05 1:38:58 p. m. GMT-5,Zapote,Masculino,Poco importante,Poco importante,Poco importante,Moderadamente importante,Poco importante,Poco importante,Moderadamente importante,Poco importante,Muy maduro ,Muy blando,"Un verdoso no tan brillante, me dan ganas de aplastarlo ",No me huele a nada,"Biscozo, placer ",Dulce ,A mi familia comiendo ,Nada,Ninguno 
123,2023/10/05 1:45:05 p. m. GMT-5,Zapote,Masculino,Muy importante,Muy importante,Muy importante,Muy importante,Muy importante,Muy importante,Muy importante,Moderadamente importante,"Tamaño pequeño, textura corrugosa","Fruto pequeño, jugoso ","Color fuerte, opaco","Olor intenso, produce frescura ",Textura corrugusa,"Sabor agradable, fuerte y produce frescura",Cuando compartíamos en el colegio a la hora de los descansos ,Agradable ,"Color, precio"
124,2023/10/05 1:48:54 p. m. GMT-5,Zapote,Masculino,¿Qué tan importante es para ti el color del fruto al momento de comprarlos en el mercado?,¿Qué tan importante es para ti la apariencia del fruto al momento de comprarlos en el mercado?,¿Qué tan importante es para ti el aroma del fruto al momento de comprarlos en el mercado?,¿Qué tan importante es para ti la textura y firmeza del fruto al momento de comprarlos en el mercado?,¿Qué tan importante es para ti el tamaño del fruto al momento de comprarlos en el mercado?,¿Qué tan importante es para ti el estado de madurez del fruto al momento de comprarlos en el mercado?,¿Qué tan importante es para ti el precio en relación a la calidad del fruto al momento de comprarlos en el mercado?,¿Qué tan importante es para ti el origen del fruto al momento de comprarlos en el mercado?,Describe el estado general del fruto (Apariencia externa),Describe el estado general del fruto (Apariencia interna),Describe la intensidad de color y brillo de la cáscara (si aplica el brillo) y lo que te provoca al verlo,Describe el aroma del producto y lo que te produce el producto al momento de olerlo,Descripción de la textura del producto y la sensación que te provoca,Describe el sabor y lo que te provoca el sabor,¿Qué remembranza te provoca la fruta? (remembranza: recuerdos),¿Que sensación te provoca la fruta? (A nivel general),Describe que criterios tienes al momento de adquirir este producto en un lugar de mercado
125,2023/10/05 1:49:22 p. m. GMT-5,Zapote,Femenino,Moderadamente importante,Moderadamente importante,Moderadamente importante,Moderadamente importante,Moderadamente importante,Moderadamente importante,Moderadamente importante,Moderadamente importante,"Se ve fresco, brillante, atractivo",,"Muy brillante, atractiva para comer",Inoloro,"Se ve firme, da gusto verlo",Esta rico,"Poco, casi no la había probado antes","Gusto, expectativa",Color y frescura
126,2023/10/05 1:49:40 p. m. GMT-5,Zapote,Femenino,Moderadamente importante,Muy importante,Moderadamente importante,Moderadamente importante,Muy importante,Muy importante,Muy importante,Moderadamente importante,Grande y duro con cáscara gruesa ,Carnoso peludo con pepa grande,Naranja fuerte muy brillante me provoca comer ,Aroma a tierra ,Cernoso con pelos provoca morder ,Sabor dulce y dan ganas de hacer un jugo ,Neiva ,Me provoca hacer un jugo ,Tamaño precio y madures 
127,2023/10/05 1:49:42 p. m. GMT-5,Zapote,Masculino,Importante,Importante,Importante,Moderadamente importante,Importante,Importante,Muy importante,Moderadamente importante,Se ve bien ,Jugoso,Color apagado,Huele bien ,Suave,Sabe bien,Ninguno,Está rico,No lo compro 
128,2023/10/05 1:51:53 p. m. GMT-5,Zapote,Femenino,Importante,Importante,Importante,Importante,Importante,Importante,Importante,Importante, Firme buen color , Naranja intensoñ, Naranja brillo alto , Aromatico,Algodonosa ,Agridulce ,Animo,Placer, Color olor 
129,2023/10/05 1:52:23 p. m. GMT-5,Zapote,Masculino,Muy importante,Muy importante,Importante,Muy importante,Moderadamente importante,Muy importante,Importante,Moderadamente importante,Buena firmeza,Buen color y textura,Uniforme ,Normal,Perfecta,Delicioso,Mi mamá me daba cuando la visitaba en el trabajo,Frecura,Que este en buen estado
130,2023/10/05 1:53:55 p. m. GMT-5,Zapote,Femenino,Muy importante,Importante,Muy importante,Importante,Moderadamente importante,Muy importante,Importante,Moderadamente importante,"En General deshidratado, tamaño medio. ","Color intenso, llamativo, jugoso ","Intenso, llamativo, Gasca de consumo ","Intenso, azucarado, ganas de consumo ","Suave, jugosa. ",Delicioso. ,"A tierra cálida, momentos específicos del año",Ganas de consumirla ,Que se pueda encontrar 
131,2023/10/05 1:57:29 p. m. GMT-5,Zapote,Masculino,Importante,Importante,Moderadamente importante,Importante,Moderadamente importante,Importante,Importante,Moderadamente importante,No es llamativo ,Si es llamativo ,No es brillante ,No huele ,Es rico ,Es rico,Ninguna ,Me gusta,Nivel de madurez 
132,2023/10/05 1:57:32 p. m. GMT-5,Zapote,Femenino,Importante,Importante,Importante,Importante,Importante,Importante,Importante,Importante,Es curioso ,Se ve en un muy buen estado ,"Es opaca, pero es llamativa",No tiene un olor característico ,Es peludita ,"Es dulce, un poco incipida ",Mango ,,
133,2023/10/05 1:57:51 p. m. GMT-5,Zapote,Masculino,Importante,Muy importante,Moderadamente importante,Muy importante,Muy importante,Importante,Muy importante,Poco importante,Enfermo con muchos puntos de afectaciones,Sano con color naranja parejo ,Opaco ,Huele dulce y me dan ganas de comerlo ,"Muy fibroso, se enreda en los dientes ",Dulce y me da sed ,Cuando se compraban varias frutas a veces se llevaba y era rico ,Poca pulpa y muy fibroso pero dulce ,Que la cáscara sea firme y continua con buen color 
134,2023/10/05 2:01:09 p. m. GMT-5,Zapote,Masculino,Moderadamente importante,Importante,Poco importante,Moderadamente importante,Importante,Muy importante,Muy importante,Nada importante,"color verde oliva muy oscuro, se ve compacto y fresco, no se ven imperfecciones, muy bonito","naranja muy intenso, medianamente húmedo, blando al tacto","externamente es muy opaco, nada brillante pero se ve provocativo ","huele muy fresco, muy frutal","bastante fibroso y acuoso, es un poco incomodo de comer","sabor muy frutal, muy dulce, similar a la papaya, algo refrescar ",a mis familiares ,indiferencia ,el tamaño y el estado de madurez 
135,2023/10/05 2:01:29 p. m. GMT-5,Zapote,Masculino,Poco importante,Importante,Poco importante,,Importante,Muy importante,Importante,Importante,Aptecible,Provicativa,Naranja brillante,Dulce y agradable,Fibrosa,Dulce y tranquilidad ,Bajando zapotes de un árbol en caldas,Felicidad,El tamaño
136,2023/10/05 2:02:01 p. m. GMT-5,Zapote,Femenino,Moderadamente importante,Moderadamente importante,Moderadamente importante,Moderadamente importante,Poco importante,Moderadamente importante,Muy importante,Muy importante,El fruton en si se ve feo,Parece mango pero mas potente,Negro y muy poco llamativo,Aroma agradable ,Provoca un exceso de dulce y ganas de tomar agua ,Muy dulce y empalagoso,Mi abuela me lo hacia comer cuando no habia plata ,Bienestar y llenura,Higiene y precio 
137,2023/10/05 2:02:52 p. m. GMT-5,Zapote,Femenino,Importante,Poco importante,Poco importante,Moderadamente importante,Importante,Muy importante,Importante,Poco importante,No sabría decirlo por que es café ,Provocativo ,No tiene brillo ,Un olor a mango ,A tal cual mango mezclado con chontaduro ,A comer mango arenoso ,A comer mango ,Agradable es rico ,Que no hayan partes muy blanditas 
138,2023/10/05 2:03:40 p. m. GMT-5,Zapote,Femenino,Moderadamente importante,Importante,Nada importante,Moderadamente importante,Moderadamente importante,Importante,Muy importante,Moderadamente importante,Es muy opaco,Parece un mango,Es muy opaco,No tengo sentido del olfato,,No me gusto,Ninguna,,
139,2023/10/05 2:06:23 p. m. GMT-5,Zapote,Masculino,Importante,Muy importante,Moderadamente importante,Importante,Importante,Importante,Importante,Poco importante,"Maduro, no se ve tan sano, alguno tiene un poco de hongo","Color agradable,  en el punto",,,Como el mango,Mango,Infancia,A querer más,"Precio, calidad"
140,2023/10/05 2:06:55 p. m. GMT-5,Zapote,Masculino,Muy importante,Muy importante,Muy importante,Muy importante,Muy importante,Muy importante,Muy importante,Muy importante,Esta en buen estado,Esta sano creo,Es muy llamativo por su color ,"Huele feo, como inmaduro",La textura es fibrosa y fea ,El sabor es dulce y rico ,Nunca lo habia provado,"Me da ansiedad, siento que es un dulce",Que sea llamativo de color
141,2023/10/05 2:08:25 p. m. GMT-5,Zapote,Femenino,Muy importante,Muy importante,Poco importante,Muy importante,Muy importante,Muy importante,Muy importante,Nada importante,"Tiene como manchas y pecas que me hacen pensar que están enfermas, eso le quita calidad, además no están firmes, tal vez porque ya han Sido muy manipulados",Delicioso en todo el sentido ,"La cáscara es suave, no brilla ","Huele delicioso, me provoca comer mucho",Nada ,Me da hambre ,Nada general,Tranquilidad,Que sea grande y este bonito
142,2023/10/05 2:08:55 p. m. GMT-5,Zapote,Masculino,Importante,Importante,Importante,Importante,Poco importante,Importante,Importante,Poco importante,Que sea de colores frescos ,Textura dura,Colores frescos ,Disfrutarlo,De saborearlo,Disfrutarlo por bue  tiempo ,El campo,Comprarlo,Que este fresco 
143,2023/10/05 2:10:01 p. m. GMT-5,Zapote,Femenino,Importante,Importante,Importante,Importante,Importante,Importante,Importante,Moderadamente importante,"Color café, apariencia curiosa para ser naranja por dentro ","Color naranja, peludita algunas pepas grandes ",Color café ,Me gusta ,Me gusta ,Me gusta ,Fue mi fruta favorita en algún tiempo ,Me gusta ,Que sea un lugar medianamente limpio y que la fruta se encuentre en buen estado 
144,2023/10/05 2:10:15 p. m. GMT-5,Zapote,Femenino,Moderadamente importante,Moderadamente importante,Importante,Moderadamente importante,Moderadamente importante,Muy importante,Moderadamente importante,Importante,Muy diferente a lo que conozco,Diferente,Buena,Bueno,Bueno,Bueno,Burno,,
145,2023/10/05 2:12:55 p. m. GMT-5,Zapote,Masculino,Moderadamente importante,Muy importante,Muy importante,Moderadamente importante,Nada importante,Nada importante,Nada importante,Nada importante,"Buena apariencia, maduro",Parece papaya,"Es un colo parecido a la papa, más bien mate",Huele a tierra,"Es parecida al mango, como fibrosa","Es un sabor nuevo, interesante, dulce, parecido al mango",Es la primera vez que lo pruebo en la vida,Dulzura,"Quizás el color, la verdad no manejaria criterios ya que no lo conozco mucho"
146,2023/10/05 2:19:47 p. m. GMT-5,Zapote,Masculino,Nada importante,Nada importante,Nada importante,Importante,Importante,Nada importante,Importante,Nada importante,Fresco y firme,Fibrosa y jugosa,La cáscara tenía baja intensidad de color y  brillo. Externamente no provoca nada ,No le sentí olor característico,Suave ,"Es dulce, me parece mango",Me recuerda el mango,"Me gusta, es jugosa y lechosa ",La firmeza
147,2023/10/05 2:20:22 p. m. GMT-5,Zapote,Masculino,Poco importante,Importante,Poco importante,Poco importante,Moderadamente importante,Muy importante,Importante,Poco importante,Bueno,Bueno,Opaci,A verdura,"Fibroso, suave","Dulce, a melocoterp",Niñez,No me gustan las fibras en los dientes,Estado fitosanitario 
148,2023/10/05 2:21:15 p. m. GMT-5,Zapote,Femenino,Moderadamente importante,Moderadamente importante,Poco importante,Importante,Moderadamente importante,Importante,Importante,Poco importante,"Es liso pero no brilloso, sino más opaco, tiene un color verde o café, es dura pero se puede deformar","Es baboso, como con fibras, color naranja fuerte, aguado","Pues el color es opaco, pues no se ve tan atractivo por su color café verdoso",Es como un olor a naturaleza o tierra ,"se siente duro al medio,se parece al mango pero en textura más no en sabor, es aguado. Es fibroso","Es refrescante, dulce, aguado ","Me acuerda al mango en textura y un poco en lo dulce, me acuerda en algo a la calabaza o a la ahuyama","Pues es rica, dulce, tiene buen contenido para comer, es aguado por lo que uno se mancha","Pues el color naranja adentro, la textura dura en la fruta y el color uniforme"
149,2023/10/05 2:21:38 p. m. GMT-5,Zapote,Masculino,Poco importante,Poco importante,Poco importante,Poco importante,Poco importante,Poco importante,Poco importante,Poco importante,Apariencia opaca ,Color naranja intenso con muchas fibras,"El fruto externamente no tiene brillo, no me provoca probarlo",Aroma fuerte,Es blando al tocarlo,"Es amargo al inicio y dulce al final, un dulce ostigante",.,No me provoca probarlo,.
150,2023/10/05 2:24:34 p. m. GMT-5,Zapote,Masculino,Moderadamente importante,Importante,Importante,Importante,Importante,Importante,Importante,Poco importante,Buena,Buena,Sin casacara,Buen aroma intenso,Firme,Placer,Tropico,Ricura,Calidad externa
151,2023/10/05 2:31:00 p. m. GMT-5,Zapote,Femenino,Importante,Importante,Importante,Importante,Moderadamente importante,Moderadamente importante,Moderadamente importante,Nada importante,"Tiene un color café con manchas verdes. Se ve en buen estado, consistente","Tiene un normal para el fruto, consistente y en buen estado","No tiene nada de brillo, el color es adecuado para la fruta",Tiene un olor a dulce suave y agradable,"Parecido al mango, con sus pelitos caracteristicos. Suaves",Un sabor de dulce chevere. ,Me recuerda a mi niñez,Felicidad y comodidad,"Que los frutos no estén magullado, que estén firmes."
152,2023/10/05 2:35:22 p. m. GMT-5,Zapote,Masculino,Poco importante,Poco importante,Nada importante,Importante,Importante,Poco importante,Moderadamente importante,Poco importante,Se ve muy normal que pesar de que tiene unos pequeños lunares con textura ,Tiene colores muy vivos y muy normales ,"El color es muy intenso, no tiene brillo ",Ninguno,La textura es blanda y humeda,Parece el sabor de una auyama aunque más dulce,Ninguna,Se ve muy normal ,La firmeza y coloración del fruto
153,2023/10/05 2:35:30 p. m. GMT-5,Zapote,Femenino,Poco importante,Poco importante,Moderadamente importante,Importante,Poco importante,Moderadamente importante,Poco importante,Poco importante,Poco llamativo ,Fresco ,No provoca consumirlo,Nada en particular ,Buena textura y dulce ,Delicioso ,Fruta exótica del caribe ,"Llamativo internamente, insípida externamente ",Ninguno 
154,2023/10/05 2:39:11 p. m. GMT-5,Zapote,Femenino,Moderadamente importante,Importante,Moderadamente importante,Importante,Importante,Poco importante,Importante,Poco importante,Duro y color uniforme ,Color naranja intenso,Color intenso sin brillo,Olor parecido a zanahoria ,Textura lisa,Sabor dulce me agrada ,La finca en Villavicencio ,Me agrada,El tamaño color y firmeza
155,2023/10/05 2:39:17 p. m. GMT-5,Zapote,Femenino,Poco importante,Importante,Poco importante,Importante,Importante,Moderadamente importante,Moderadamente importante,Poco importante,Marrón ,Color naranja intenso,Intenso,No le encuentro aroma,Como hilachas,Es rico jugoso,A mi infancia ,Rico,Que sea grande y que esté blandito
156,2023/10/05 2:40:16 p. m. GMT-5,Zapote,Femenino,Muy importante,Muy importante,Importante,Muy importante,Muy importante,Importante,Muy importante,Poco importante,La cascara tenía pequeñas pecas oscuras,Buena firmeza y tamaño pese a a la condición de la cascara,Color intenso,Olor intenso y agradable,La textura es cremosa y agradable ,Un sabor entre mango y melón ,,Agradable ,Tamaño y firmeza del fruto
157,2023/10/05 2:42:24 p. m. GMT-5,Zapote,Masculino,Moderadamente importante,Moderadamente importante,Importante,Moderadamente importante,Importante,Muy importante,Importante,Importante,Opaca y poco atrayente ,Muy brillante el color,Opaco son brillo ,Increíble muy fresco ,Agradable similar al mango ,A una zanahoria muy dulce y fresca,Pedacitos de zanahoria que me daba mi papa,Exelente ,Tamaño y precio 
158,2023/10/05 5:45:52 p. m. GMT-5,Zapote,Femenino,Importante,Importante,Importante,Importante,Importante,Importante,Importante,Importante,"Se ve bastante sano, solo tiene pequeños puntos negros",Se ve seco y fibroso,Este en general no es un fruto de mucho brillo por ende no califique esto,Nada,"Es un poco fibroso pero suave, me provoca como sequedad en boca","Es dulce, similar a una zanahoria pero con más dulzor ",Ninguna,Es bastante rica y antoja comprarla ,Que sea grande y poco afectado en la cáscara 
0,2023/10/06 6:02:44 p. m. GMT-5,Chirimoya,Masculino,Importante,Importante,Importante,Importante,Moderadamente importante,Importante,Importante,Importante,Bien,Bien,Estaba bien el color,Rico,,Estaba bueno,Guanabana dulce,Una sensación agradable,La maduracion 
1,2023/10/06 6:04:43 p. m. GMT-5,Chirimoya,Femenino,Importante,Importante,Importante,Importante,Importante,Importante,Importante,Importante,Algo oscura su cáscara pero de sabor y apariencia interna muy buena ,Buena,Algo oscura,Bueno,Suave pero no provoca comer al verla por fuera ,Rico,Nunguno,Salud y bienestar,"Color de la cascar, y textura externa"
2,2023/10/06 6:05:47 p. m. GMT-5,Chirimoya,Masculino,Importante,Muy importante,Moderadamente importante,Importante,Poco importante,Importante,Importante,Moderadamente importante,Muy maduro,Bueno ,Regular ,Buena,Regular,Disfrutarlo,El campo ,Disfrutarlo ,Que este en bue  estado 
3,2023/10/06 6:06:15 p. m. GMT-5,Chirimoya,Masculino,Muy importante,Muy importante,Muy importante,Muy importante,Muy importante,Importante,Importante,Moderadamente importante,"Verde oscuro, negrita","Sana, blanca, jugosa","Muy opaco en el exterior, no me dan ganas de tomar la fruta ","Aroma dulce, jugoso","Textura jugosa pero arinosa, rico","Dulce, jugoso, estimulo",Ninguno,"Bienestar, jugosos, agua, dulce, sano","No suelo adquirirlo, no sé encuentra en el mercado con frecuencia "
4,2023/10/06 6:07:28 p. m. GMT-5,Chirimoya,Femenino,Muy importante,Muy importante,Moderadamente importante,Muy importante,Importante,Muy importante,Moderadamente importante,Poco importante,"Se ve bien, firmes, brillantes, textura lisa","Se ve bien blanca, textura agradable","Si se ve brillante, color verde, con café las más maduras", No le detecto aroma,"Textura lisa, ligeramente corrugada","Similar a la guanabana, dulce",Me recuerda estar en mi casa bajando chirimoyas o revisando si ya están para bajar,Sensación de querer comer más fruta,"La calidad de la fruta, que no esté magullado o muy verde, tamaño "
5,2023/10/06 6:07:42 p. m. GMT-5,Chirimoya,Femenino,Importante,Moderadamente importante,Moderadamente importante,Moderadamente importante,Moderadamente importante,Moderadamente importante,Muy importante,Importante,Agradable ,Bueno ,Poco,Agradable,Fibroso,Dulce ,,Felicidad ,Que se vea apetecible 
6,2023/10/06 6:08:10 p. m. GMT-5,Chirimoya,Masculino,Moderadamente importante,Muy importante,Moderadamente importante,Muy importante,Importante,Importante,Muy importante,Poco importante,"fruto de bien tamaño, firme de color bastante oscuro, verdoso","color blanco opaco, con semillas grandes, bastante fibrosa","es bastante oscura, verde muy opaco no brillante ",bastante frutal y dulce ,"fibroso, aguado, provocativo ",bastante frutal y dulce ,me recuerda a otro tipos de frutas como al mango y la guanábana ,"refrescante, dulzor",tamaño y estado de madurez 
7,2023/10/06 6:08:11 p. m. GMT-5,Chirimoya,Masculino,Importante,Moderadamente importante,Importante,Muy importante,Poco importante,Moderadamente importante,Moderadamente importante,Moderadamente importante,,"Cáscara firme, sin daños.","Color verde oscuro opaco, sin brillo ",Ligero dulce,Suave y parece cremosa ,Ligero dulce.,Ninguna en particular ,Algo apetecible ,"Principalmente el aroma que sea intenso, un olor menos opaco "
8,2023/10/06 6:08:59 p. m. GMT-5,Chirimoya,Masculino,Moderadamente importante,Moderadamente importante,Muy importante,Moderadamente importante,Nada importante,Nada importante,Nada importante,Nada importante,"Amagullada, parece un ñame o una guanabana",Jugosa,Es más  bien mate,Dulce,"Jugosa, suave",Es una sensación de dulzura,Es la primera vez que la pruebo,Frescura,Que esté madura
9,2023/10/06 6:09:18 p. m. GMT-5,Chirimoya,Masculino,Importante,Muy importante,Muy importante,Importante,Moderadamente importante,Importante,Importante,Moderadamente importante,"Un estado muy maduro, de un color oscuro","De buen color, blanco. ","No se ve brillo en la fruta, color externo oscuro a negro ","Olor agradable, frutal.","Textura agradable, sabor como a mango ","Buen sabor, de un sabor dulce ",Mango y guanabana ,"Con un sabor agradable, muy rico ","Olor, madurez"
10,2023/10/06 6:09:47 p. m. GMT-5,Chirimoya,Femenino,Muy importante,Muy importante,Muy importante,Muy importante,Moderadamente importante,Moderadamente importante,Importante,Moderadamente importante,Bonito,Sano,Se ve en buen estado,Es un aroma dulce ,Es una textura arenosa agrdable ,Es un sabor dulce ,Me recuerda a la guanabana ,Agrabable ,Que estrés fresco
11,2023/10/06 6:11:00 p. m. GMT-5,Chirimoya,Femenino,Muy importante,Muy importante,Muy importante,Muy importante,Poco importante,Importante,Muy importante,Poco importante,Apariencia marrón que puede indicar estado de sobremadurez,Buen color del fruto. No se evidencia deterioro,Poco brillante ,Ligero olor,Textura rugosa,Sabor dulce ,Guanábana ,Agradable,No lo compro
12,2023/10/06 6:11:30 p. m. GMT-5,Chirimoya,Masculino,Moderadamente importante,Importante,Moderadamente importante,Muy importante,Importante,Importante,Muy importante,Poco importante,"Se ve uniforme un poco lisa y de color bien, se ve sano y maduro",Es jugoso muy provocativo ,No tiene brillo el color es opaco pero generalmente representa q está madura,No tiene mucho olor aunque si se detalla si es fresco y agradable cuando se abre si genera mucho olor ,Es una textura sedosa ,Es muy rico dulce y refrescante me provoca seguir comiendo es muy deliciosoo,A mi infancia cuando las bajaba de los árboles que encontraba,Muy agradable genera satisfacción y se quisiera continuar comiendo ,Precio y apariencia 
13,2023/10/06 6:11:50 p. m. GMT-5,Chirimoya,Masculino,Moderadamente importante,Muy importante,Importante,Muy importante,Importante,Muy importante,Importante,Importante,"Bien, suave, llamativo. ","Muy bien, sano ","Suave, opaco","Dulce, provoca un deseo de consumir. ","Suave, fresco. Me genera sensación de tranquilidad ","Suave muy rico, delicioso, jugoso. Me genera sensación de consumir más y más. ",Me recuerda al campo… a mi Tierra ,Amor por la tierra ,Que pueda conseguirlo en el mercado. 
14,2023/10/06 6:11:59 p. m. GMT-5,Chirimoya,Masculino,Poco importante,Muy importante,Muy importante,Muy importante,Importante,Muy importante,Muy importante,Poco importante,Fruto con epidermis lisa color verde oscuro con manchas marrones ,Fruta de textura blanda de color blanco,El color y el brillo realmente no provoca alguna sensación o deseo de comerlo,Olor suave similar al de la guanabana ,"Textura blanda y húmeda, con buen estado de maduración ",Sabor similar al de la guanabana,Ninguna ,Recuerdo de la guanabana ,No lo consumo 
15,2023/10/06 6:12:42 p. m. GMT-5,Chirimoya,Masculino,Moderadamente importante,Muy importante,Moderadamente importante,Importante,Importante,Importante,Muy importante,Poco importante,Extraño,Normal,Opaco con puntos oscuros,Dulce y interés,Suave y se siente como delicado en el paladar,Es extraño me recuerda a la guanábana, Nada,"Neutra, no destaca nada",Referencias del vendedor y preparaciones
16,2023/10/06 6:12:46 p. m. GMT-5,Chirimoya,Masculino,Importante,Muy importante,Muy importante,Muy importante,Moderadamente importante,Muy importante,Muy importante,Moderadamente importante,Es verdoso,Blanco ,Es opaco,Huele a guanabana,Suave,Sabe a yogur,Yogur,Gusto,
17,2023/10/06 6:14:28 p. m. GMT-5,Chirimoya,Masculino,Nada importante,Importante,Importante,Moderadamente importante,Moderadamente importante,Moderadamente importante,Muy importante,Poco importante,"Liso, opaco, color verde claro o pálido, sin daños aparentes","Buen color, blanco","Algo de brillo a contra luz, siento que puede ser un indicador de buena calidad ","Aroma dulce, me produce una sensación de gusto","Textura suave, provoca sensación de gusto, calidad ","El sabor es delicioso, dulce, apetecible. Sensación placentera ","A los frutos de guanábana, pero estos don más dulces y de textura más suave ","Una sensación de gusto, de placer general por alimentarme ","Los criterios son la necesidad de alimentación, la apariencia física externa, y el olor"
18,2023/10/06 6:18:07 p. m. GMT-5,Chirimoya,Femenino,Nada importante,Importante,Muy importante,Moderadamente importante,Moderadamente importante,Muy importante,Muy importante,Muy importante,Color oscuro ,Buena apariencia ,Opaco y provoca pensar que está picho,"Olor a pasado, en buen estado huele delicioso ",Textura blanda y sensación suave ,Sabor a anon ,A mi abuelita trayendo anon y chieimoya ,Saciedad,Que no esté muy blando ni muy opaco
19,2023/10/06 6:19:21 p. m. GMT-5,Chirimoya,Femenino,Importante,Importante,Importante,Importante,Moderadamente importante,Importante,Importante,Moderadamente importante,Es un fruto agradable a la vista,Es un fruto con textura suave,"No es una fruta tan vistosa, al contrario es un poco opaca",Es un aroma dulce ,Textura suave y agradable ,Es un sabor agradable,Recuerdos de la casa,Agradable,Que se vea agradable 
20,2023/10/06 6:23:07 p. m. GMT-5,Chirimoya,Femenino,Importante,Muy importante,Muy importante,Importante,Moderadamente importante,Moderadamente importante,Moderadamente importante,Moderadamente importante,"Poco agradable, tonos cafés, no uniforme, no es lisa, tiene hendiduras.","No tiene color uniforme, poco agradable.","Poco brillo, poco agradable.","Poco dulce y un poco descompuesto, un poco descompuesto.",Poco agradable.,"Poco agradable, sabe como si estuviera un poco descompuesto, bajo contenido de azúcar.",Cuando mi mamá hacía jugo de guanábana.,Poco agradable.,"Estado de madurez, precio, aspecto, firmeza, olor, sabor."
21,2023/10/06 6:23:47 p. m. GMT-5,Chirimoya,Masculino,Importante,Importante,Importante,Importante,Importante,Importante,Importante,Poco importante,Bonito,"Suave, Blanco","Color opaco, verde oscuro ",Suave a fruto fresco ,Textura fibrosa y cremosa,Sabor a Anon ,Al campo en la finca de mis abuelos a una planta de Anon,Algo rico porque es dulce y agrio,"La firmeza, olor, color y precio "
22,2023/10/06 6:24:40 p. m. GMT-5,Chirimoya,Masculino,Moderadamente importante,Importante,Moderadamente importante,Importante,Poco importante,Importante,Importante,Poco importante,Buen estado,Presencia regular,"Ausencia de brillo, inmadurez",Fermentación ,Blando,Fruto dulce pero sensación añeja ,A frutos sobremaduros,Mal estado,"Textura, olor y apariencia"
23,2023/10/06 6:25:43 p. m. GMT-5,Chirimoya,Masculino,Muy importante,Importante,Poco importamte,Importante,Importante,Importante,Importante,Nada importante,Blandita como verde ,Bien apetitosa ,Un brillo oscuro limpio,Me recuerda el olor a yogurt muy rico ,Es como babosa arenosa ,Sabor a yogurt de guanábana ,Las chicas dando muestras de fruta ,Muy rica ,Que no se sienta ni muy dura ni muy blandita 
24,2023/10/06 6:28:19 p. m. GMT-5,Chirimoya,Femenino,Poco importante,Muy importante,Moderadamente importante,Muy importante,Moderadamente importante,Moderadamente importante,Importante,Nada importante,"Firme, agradable ","Brillante, suave, jugoso",Intensidad alta y poco brillante,"Aroma a fruto fresco y dulce, Satisfacción ",Textura suave y sensación satisfactoria ,Dulce,Infancia y pueblo,Punto medio ,Que se vea fresca 
25,2023/10/06 6:32:02 p. m. GMT-5,Chirimoya,Masculino,Poco importante,Poco importante,Importante,Poco importante,Importante,Muy importante,Importante,Importante,"Se ve bien, el color tanto blanco como verde siempre es agradable y recuerda la guanábana. ",Se nota muy jugosa y apetitosa.,No es tan brillanté y hay frutas que a la vista se ven más agradables.,No olía demasiado en comparación con otro frutos como los cítricos ,Sensación suave y un poco gomosa al mismo tiempo jugosa.,"Es muy dulce, parecido a la guanábana con la diferencia que no es ácida, provoca querer comer más ","Niñez en el campo comiendo guanábana, es la primera vez que la pruebo pero se asemeja bastante a la guanábana.","Agua la boca, el sabor no es tan abrumador lo que posibilita poder comer más ","El lugar de donde proviene, orgánica o no y la relación peso precio "
26,2023/10/06 6:32:40 p. m. GMT-5,Chirimoya,Masculino,Importante,Importante,Poco importamte,Moderadamente importante,Moderadamente importante,Importante,Importante,Importante,Luce un poco maduro ,Se encuentra bastante blando ,Se encontraba un poco oscuro ,Huele dulce y me produce antojo ,Suave y antojo ,Estaba un poco fermentado ,No recuerdo ,Buena ,"Costo, lugar de origen, persona que se beneficia de la comercialización "
27,2023/10/06 6:33:24 p. m. GMT-5,Chirimoya,Femenino,Muy importante,Muy importante,Muy importante,Muy importante,Moderadamente importante,Importante,Muy importante,Moderadamente importante,Tiene buen color y tamaño,"Buena consistencia, color y olor","Color verde intenso, provoca antojo","Aroma suave, algo neutro. Salivación ","Suave, granulosa","Sabor dulce, genera algo de frescura",Niñez ya que comía mucha guanabana,Es agradable al gusto,Que este compacta y no se sienta muy blandita
28,2023/10/06 6:37:24 p. m. GMT-5,Chirimoya,Femenino,Muy importante,Muy importante,Muy importante,Importante,Importante,Importante,Muy importante,Poco importante,"Firme, brillante","Firme y suave, color crema","Verde con algunas coloraciones rojizas, brillante, se ve de","Dulce con un poco de ácido, me gusta como huele ","Blanda, no me agrada, parece una mantequilla y prefiero las texturas más fibrosas ","Muy dulce, me gusta, pero preferiría que fuera un poco más ácido ",Ninguna ,Gusto ,"Color, aroma, precio, aspecto físico "
29,2023/10/06 6:38:28 p. m. GMT-5,Chirimoya,Masculino,Poco importante,Importante,Importante,Moderadamente importante,Importante,Importante,Muy importante,Moderadamente importante,Bueno,Se ve como guanábana ,"No provoca de golpe, pero el color interno si es apetecible ",Es dulce y rico,Suave y granulosa,Sabe a guanabana pero más rico,Estar en mi tierra natal,Me gusta ,Los mismos criterios que con la guanábana 
30,2023/10/06 7:00:37 p. m. GMT-5,Chirimoya,Femenino,Importante,Importante,Muy importante,Moderadamente importante,Importante,Muy importante,Muy importante,Muy importante,"Verdoso, con poca firmeza por lo que se observa ",Cremoso.,"Es un poco brilloso, pero se ve apetitoso.","Olor dulzón, dan ganas de probarlo.","Es cremosa, ","Dulzón, seguir comiendo.",A la guanábana.,"Buena, estaba muy rica.","Calidad, color, el tamaño y olor "
31,2023/10/09 3:23:03 p. m. GMT-5,Chirimoya,Femenino,Muy importante,Muy importante,Muy importante,Muy importante,Importante,Muy importante,Muy importante,Poco importante,Buena,Bueno,Fruto opaco y manchado,Suave y rico,Suave ,Dulce,Guanábana más dulce,Me gusta,"Color, textura y olor"
32,2023/10/09 3:23:45 p. m. GMT-5,Chirimoya,Masculino,Importante,Importante,Importante,Importante,Moderadamente importante,Moderadamente importante,Muy importante,Poco importante,En buen estado,Medio maduras y marrones,Colores opacos y neutros a la vista ,Muy neutro,Frescura y suavidad,"Muy dulce pero a punto de consumo,agradable al paladar",Primera vez que consumo ,Nuevos sabores y sensaciones endulzantes,"El precio, el estado de la cascara y la higiene "
33,2023/10/09 3:23:50 p. m. GMT-5,Chirimoya,Femenino,Importante,Importante,Nada importante,Moderadamente importante,Muy importante,Muy importante,Importante,Nada importante,"El fruto se ve con coloración característica, firme y con tonos opacos","Jugosa, lechos y suave",Tiene baja intensidad de brillo y no me produce nada al verlo,Es un aroma similar al de la papaya y me recuerda a esta,Me gusta la textura interna y me gustaría seguir probando mas,El sabor es dulce y dan ganas de seguir comiendo,Me recuerda a la guanábana y el olor a papaya ,Me gusta y compraría la fruta ,El tamaño y la firmeza
34,2023/10/09 3:27:54 p. m. GMT-5,Chirimoya,Femenino,Muy importante,Muy importante,Muy importante,Importante,Moderadamente importante,Importante,Importante,Importante,Una apariencia fresca y textura lisa.,Textura suave y agradable,La cáscara es fresca ,Tiene un aroma agradable y fresco,Es suave y refresca,Es apetecible y agradable ,Llanos orientales ,Satisfaccion ,Que no tenga golpes y este fresca 
35,2023/10/09 5:41:36 p. m. GMT-5,Chirimoya,Masculino,Muy importante,Importante,Moderadamente importante,Moderadamente importante,Moderadamente importante,Importante,Muy importante,Nada importante,buenos,"mala, fermentado",no brilla un poco apetito ,bueno,buena,regular,guanabana ,buena,que sea limpio 
36,2023/10/09 5:43:33 p. m. GMT-5,Chirimoya,Masculino,Importante,,Importante,Importante,Moderadamente importante,Importante,Muy importante,Nada importante,Bien ,Bien ,Muy opaco,Aroma fuerte ,Cómo guanabana más dura ,Similar a la guanabana ,Guanabana  o a una guatila ,Igual a una fruta normal ,"Ganas de comerlo, precio "
37,2023/10/09 5:44:47 p. m. GMT-5,Chirimoya,Masculino,Muy importante,Muy importante,Muy importante,Importante,Importante,Importante,Importante,Importante,Sabor a mango maduro variedad azúcar. Muy delicioso. Buena apariencia.,Muy buena.,Muy intensa.,Aroma agradable.,Rugosa.,Dulce. Sabor a mango maduro variedad azúcar.,Recuerdos de la costa caribe.,Deliciosa.,Sanidad.
38,2023/10/09 5:45:15 p. m. GMT-5,Chirimoya,Masculino,Importante,Muy importante,Muy importante,Muy importante,Importante,Muy importante,Muy importante,Importante,Se ve inmadura y dura ,Madura y de buena textura,No me dan ganas de comerlo ,Es muy similar a la guanabana ,De textura suave y sensación agradable ,Sabor a guanabana y me provoca alegría gustativa,A la guanabana ,Una sensación agradable en el paladar,Que sea cercano y que haya una calidad-precio
39,2023/10/09 5:57:19 p. m. GMT-5,Chirimoya,Femenino,Muy importante,Muy importante,Moderadamente importante,Moderadamente importante,Moderadamente importante,Importante,Importante,Muy importante,Flacida,Textura suave,No tiene brillo ,Aroma fermentado ,Extraño ,Dulce satisfacción ,Ninguno porque no había comido antes,Pastocidad,Que este madura 
40,2023/10/09 5:57:33 p. m. GMT-5,Chirimoya,Masculino,Moderadamente importante,Importante,Importante,Moderadamente importante,Moderadamente importante,Importante,,Poco importante,"Color verde intenso, de buena apariencia, estado uniforme ","Color blanco intenso, de textura suave ","Opaca, su forma ",Agradable ,Suave y agradable al paladar ,Dulce ,Casa ,Antojo ,Que esté en el estado apropiado de maduración 
